Rk,Player,Pos,Age,Tm,G,GS,MP,FG,FGA,FG%,3P,3PA,3P%,2P,2PA,2P%,eFG%,FT,FTA,FT%,ORB,DRB,TRB,AST,STL,BLK,TOV,PF,PTS,Player-additional
1,James Harden,SG,30,HOU,68,68,36.5,9.9,22.3,0.444,4.4,12.4,0.355,5.5,9.9,0.556,0.543,10.2,11.8,0.865,1,5.5,6.6,7.5,1.8,0.9,4.5,3.3,34.3,hardeja01
2,Bradley Beal,SG,26,WAS,57,57,36,10.4,22.9,0.455,3,8.4,0.353,7.4,14.4,0.515,0.52,6.8,8,0.842,0.9,3.3,4.2,6.1,1.2,0.4,3.4,2.2,30.5,bealbr01
3,Damian Lillard,PG,29,POR,66,66,37.5,9.5,20.4,0.463,4.1,10.2,0.401,5.4,10.2,0.524,0.563,7,7.8,0.888,0.5,3.8,4.3,8,1.1,0.3,2.9,1.7,30,lillada01
4,Trae Young,PG,21,ATL,60,60,35.3,9.1,20.8,0.437,3.4,9.5,0.361,5.7,11.4,0.501,0.519,8,9.3,0.86,0.5,3.7,4.3,9.3,1.1,0.1,4.8,1.7,29.6,youngtr01
5,Giannis Antetokounmpo,PF,25,MIL,63,63,30.4,10.9,19.7,0.553,1.4,4.7,0.304,9.5,15,0.631,0.589,6.3,10,0.633,2.2,11.4,13.6,5.6,1,1,3.7,3.1,29.5,antetgi01
6,Luka Doncic,PG,20,DAL,61,61,33.6,9.5,20.6,0.463,2.8,8.9,0.316,6.7,11.7,0.574,0.531,7,9.2,0.758,1.3,8.1,9.4,8.8,1,0.2,4.3,2.5,28.8,doncilu01
7,Russell Westbrook,PG,31,HOU,57,57,35.9,10.6,22.5,0.472,1,3.7,0.258,9.6,18.7,0.514,0.493,5.1,6.7,0.763,1.8,6.2,7.9,7,1.6,0.4,4.5,3.5,27.2,westbru01
8,Kawhi Leonard,SF,28,LAC,57,57,32.4,9.3,19.9,0.47,2.2,5.7,0.378,7.2,14.2,0.506,0.524,6.2,7.1,0.886,0.9,6.1,7.1,4.9,1.8,0.6,2.6,2,27.1,leonaka01
9,Devin Booker,SG,23,PHO,70,70,35.9,9,18.3,0.489,2,5.7,0.354,6.9,12.6,0.549,0.544,6.7,7.3,0.919,0.4,3.8,4.2,6.5,0.7,0.3,3.8,3,26.6,bookede01
10,Anthony Davis,PF,26,LAL,62,62,34.4,8.9,17.7,0.503,1.2,3.5,0.33,7.7,14.2,0.546,0.536,7.2,8.5,0.846,2.3,7,9.3,3.2,1.5,2.3,2.5,2.5,26.1,davisan02
11,Zach LaVine,SF,24,CHI,60,60,34.8,9,20,0.45,3.1,8.1,0.38,5.9,11.9,0.497,0.526,4.5,5.6,0.802,0.7,4.1,4.8,4.2,1.5,0.5,3.4,2.2,25.5,lavinza01
12,LeBron James,PG,35,LAL,67,67,34.6,9.6,19.4,0.493,2.2,6.3,0.348,7.4,13.1,0.564,0.55,3.9,5.7,0.693,1,6.9,7.8,10.2,1.2,0.5,3.9,1.8,25.3,jamesle01
13,Donovan Mitchell,SG,23,UTA,69,69,34.3,8.7,19.4,0.449,2.5,6.9,0.366,6.2,12.6,0.494,0.513,4,4.7,0.863,0.8,3.6,4.4,4.3,1,0.2,2.7,2.5,24,mitchdo01
14,Brandon Ingram,PF,22,NOP,62,62,33.9,8.2,17.7,0.463,2.4,6.2,0.391,5.8,11.5,0.501,0.531,5,5.9,0.851,0.8,5.3,6.1,4.2,1,0.6,3,2.9,23.8,ingrabr01
15,Jayson Tatum,PF,21,BOS,66,66,34.3,8.4,18.6,0.45,2.9,7.1,0.403,5.5,11.5,0.48,0.527,3.8,4.7,0.812,1,6,7,3,1.4,0.9,2.3,2.1,23.4,tatumja01
16,Pascal Siakam,PF,25,TOR,60,60,35.2,8.3,18.4,0.453,2.2,6.1,0.359,6.2,12.3,0.499,0.512,4,5.1,0.792,1.1,6.3,7.3,3.5,1,0.9,2.5,2.8,22.9,siakapa01
17,CJ McCollum,SG,28,POR,70,70,36.5,8.7,19.4,0.451,2.8,7.3,0.379,6,12.1,0.494,0.522,2,2.6,0.757,0.7,3.6,4.2,4.4,0.8,0.6,1.8,2.6,22.2,mccolcj01
18,DeMar DeRozan,SF,30,SAS,68,68,34.1,8.2,15.4,0.531,0.1,0.5,0.257,8.1,14.9,0.54,0.535,5.6,6.6,0.845,0.6,4.9,5.5,5.6,1,0.3,2.4,2.6,22.1,derozde01
19,Andrew Wiggins,SF,24,TOT,54,54,34.4,8.1,18.1,0.447,2.1,6.2,0.332,6,11.9,0.506,0.504,3.5,5,0.709,1.2,3.9,5.1,3.7,0.8,1,2.4,2.4,21.8,wiggian01
20,De'Aaron Fox,PG,22,SAC,51,49,32,7.7,16,0.48,1.1,3.6,0.292,6.6,12.4,0.535,0.513,4.7,6.7,0.705,0.7,3.2,3.8,6.8,1.5,0.5,3.1,2.8,21.1,foxde01
21,Khris Middleton,SF,28,MIL,62,59,29.9,7.6,15.3,0.497,2.4,5.7,0.415,5.2,9.6,0.546,0.575,3.4,3.7,0.916,0.7,5.5,6.2,4.3,0.9,0.1,2.2,2.3,20.9,middlkh01
22,Collin Sexton,PG,21,CLE,65,65,33,7.9,16.7,0.472,1.5,3.9,0.38,6.4,12.8,0.501,0.517,3.5,4.1,0.846,0.9,2.2,3.1,3,1,0.1,2.4,2.2,20.8,sextoco01
23,Spencer Dinwiddie,PG,26,BRK,64,49,31.2,6.6,16,0.415,1.9,6.3,0.308,4.7,9.7,0.485,0.476,5.4,7,0.778,0.5,3,3.5,6.8,0.6,0.3,2.7,2.8,20.6,dinwisp01
24,Kristaps Porzingis,C,24,DAL,57,57,31.8,7,16.4,0.427,2.5,7.1,0.352,4.5,9.3,0.484,0.503,4,5,0.799,1.8,7.7,9.5,1.8,0.7,2,1.6,3.2,20.4,porzikr01
25,Kemba Walker,PG,29,BOS,56,56,31.1,6.8,15.9,0.425,3.2,8.4,0.381,3.5,7.4,0.476,0.526,3.7,4.3,0.864,0.6,3.2,3.9,4.8,0.9,0.5,2.1,1.6,20.4,walkeke02
26,Jaylen Brown,SG,23,BOS,57,57,33.9,7.5,15.6,0.481,2.3,5.9,0.382,5.2,9.6,0.543,0.554,3.1,4.3,0.724,1.1,5.3,6.4,2.1,1.1,0.4,2.2,2.9,20.3,brownja02
27,Bojan Bogdanovic,SF,30,UTA,63,63,33.1,6.6,14.8,0.447,3,7.3,0.414,3.6,7.6,0.479,0.548,4,4.4,0.903,0.6,3.5,4.1,2.1,0.5,0.1,2.5,1.7,20.2,bogdabo02
28,Jimmy Butler,SF,30,MIA,58,58,33.8,5.9,13.1,0.455,0.5,2.1,0.244,5.4,11,0.495,0.474,7.6,9.1,0.834,1.8,4.8,6.7,6,1.8,0.6,2.2,1.4,19.9,butleji01
29,Nikola Jokic,C,24,DEN,73,73,32,7.7,14.7,0.528,1.1,3.5,0.314,6.6,11.2,0.594,0.565,3.4,4.1,0.817,2.3,7.5,9.7,7,1.2,0.6,3.1,3,19.9,jokicni01
30,T.J. Warren,SF,26,IND,67,67,32.9,8,14.9,0.536,1.4,3.4,0.403,6.6,11.5,0.575,0.581,2.5,3,0.819,1,3.2,4.2,1.5,1.2,0.5,1.3,2.8,19.8,warretj01
31,Tobias Harris,PF,27,PHI,72,72,34.3,7.7,16.3,0.471,1.8,5,0.367,5.9,11.3,0.517,0.527,2.4,3,0.806,1,5.9,6.9,3.2,0.7,0.6,1.4,2.3,19.6,harrito02
32,Nikola Vucevic,C,29,ORL,62,62,32.2,8,16.7,0.477,1.6,4.7,0.339,6.4,12,0.531,0.525,2.1,2.7,0.784,2.3,8.6,10.9,3.6,0.9,0.8,1.4,2.2,19.6,vucevni01
33,Julius Randle,PF,25,NYK,64,64,32.5,7.2,15.7,0.46,1,3.6,0.277,6.2,12.1,0.515,0.492,4,5.5,0.733,2.4,7.4,9.7,3.1,0.8,0.3,3,2.8,19.5,randlju01
34,Kyle Lowry,PG,33,TOR,58,58,36.2,5.8,13.8,0.416,2.8,8,0.352,2.9,5.8,0.504,0.518,5.1,5.9,0.857,0.6,4.5,5,7.5,1.4,0.4,3.1,3.3,19.4,lowryky01
35,Buddy Hield,SG,27,SAC,72,44,30.8,6.9,16.1,0.429,3.8,9.6,0.394,3.2,6.6,0.479,0.545,1.6,1.9,0.846,0.8,3.8,4.6,3,0.9,0.2,2.3,2.3,19.2,hieldbu01
36,Jrue Holiday,SG,29,NOP,61,61,34.7,7.5,16.5,0.455,2,5.7,0.353,5.5,10.8,0.509,0.516,2.1,3,0.709,1.3,3.5,4.8,6.7,1.6,0.8,3,2.4,19.1,holidjr01
37,Shai Gilgeous-Alexander,SG,21,OKC,70,70,34.7,6.8,14.5,0.471,1.2,3.6,0.347,5.6,10.9,0.512,0.514,4.1,5.1,0.807,0.7,5.2,5.9,3.3,1.1,0.7,1.9,1.7,19,gilgesh01
38,LaMarcus Aldridge,C,34,SAS,53,53,33.1,7.4,15,0.493,1.2,3,0.389,6.2,12,0.519,0.532,3,3.6,0.827,1.9,5.5,7.4,2.4,0.7,1.6,1.4,2.4,18.9,aldrila01
39,Dennis Schroder,PG,26,OKC,65,2,30.8,7,14.8,0.469,1.9,5,0.385,5,9.8,0.513,0.534,3,3.6,0.839,0.3,3.3,3.6,4,0.7,0.2,2.6,2.2,18.9,schrode01
40,Danilo Gallinari,PF,31,OKC,62,62,29.6,5.8,13.2,0.438,2.9,7.1,0.405,2.9,6.1,0.476,0.547,4.3,4.8,0.893,0.5,4.6,5.2,1.9,0.7,0.1,1.2,1.2,18.7,gallida01
41,Kelly Oubre Jr.,SF,24,PHO,56,55,34.5,6.7,14.8,0.452,1.9,5.5,0.352,4.7,9.3,0.511,0.517,3.4,4.4,0.78,1.2,5.3,6.4,1.5,1.3,0.7,1.5,3.4,18.7,oubreke01
42,Montrezl Harrell,C,26,LAC,63,2,27.8,7.5,12.9,0.58,0,0.3,0,7.5,12.6,0.593,0.58,3.7,5.6,0.658,2.6,4.5,7.1,1.7,0.6,1.1,1.7,2.3,18.6,harremo01
43,Evan Fournier,SF,27,ORL,66,66,31.5,6.6,14.1,0.467,2.6,6.6,0.399,4,7.5,0.527,0.56,2.7,3.3,0.818,0.3,2.3,2.6,3.2,1.1,0.2,1.9,2.4,18.5,fournev01
44,Jamal Murray,PG,22,DEN,59,59,32.3,6.9,15.2,0.456,1.9,5.5,0.346,5,9.7,0.519,0.519,2.8,3.1,0.881,0.8,3.2,4,4.8,1.1,0.3,2.2,1.7,18.5,murraja01
45,Domantas Sabonis,PF,23,IND,62,62,34.8,7.4,13.7,0.54,0.3,1.1,0.254,7.1,12.6,0.565,0.55,3.5,4.8,0.723,3,9.4,12.4,5,0.8,0.5,2.7,3.1,18.5,sabondo01
46,Devonte' Graham,PG,24,CHO,63,53,35.1,5.8,15.3,0.382,3.5,9.3,0.373,2.4,6,0.397,0.495,3,3.7,0.82,0.7,2.7,3.4,7.5,1,0.2,2.9,1.8,18.2,grahade01
47,Lou Williams,PG,33,LAC,65,8,28.7,6,14.4,0.418,1.7,4.8,0.352,4.3,9.6,0.451,0.477,4.5,5.2,0.861,0.5,2.6,3.1,5.6,0.7,0.2,2.8,1.2,18.2,willilo02
48,Derrick Rose,PG,31,DET,50,15,26,7.4,15.1,0.49,0.9,2.9,0.306,6.5,12.1,0.535,0.52,2.4,2.8,0.871,0.5,1.9,2.4,5.6,0.8,0.3,2.5,1,18.1,rosede01
49,Terry Rozier,PG,25,CHO,63,63,34.3,6.3,14.9,0.423,2.7,6.7,0.407,3.6,8.2,0.436,0.514,2.6,3,0.874,0.8,3.6,4.4,4.1,1,0.2,2.2,2,18,roziete01
50,Ja Morant,PG,20,MEM,67,67,31,6.7,14,0.477,0.9,2.7,0.335,5.8,11.3,0.511,0.509,3.6,4.6,0.776,0.8,3.1,3.9,7.3,0.9,0.3,3.3,1.6,17.8,moranja01
51,Andre Drummond,C,26,TOT,57,56,33,7.3,13.8,0.533,0.1,0.6,0.143,7.2,13.1,0.551,0.536,3,5.2,0.575,4.4,10.8,15.2,2.7,1.9,1.6,3.6,3.5,17.7,drumman01
52,Kevin Love,PF,31,CLE,56,56,31.8,5.8,13,0.45,2.6,7,0.374,3.2,6,0.537,0.55,3.3,3.9,0.854,1,8.8,9.8,3.2,0.6,0.3,2.5,1.6,17.6,loveke01
53,Chris Paul,PG,34,OKC,70,70,31.5,6.2,12.7,0.489,1.6,4.3,0.365,4.6,8.3,0.554,0.552,3.6,4,0.907,0.4,4.6,5,6.7,1.6,0.2,2.3,2.3,17.6,paulch01
54,Fred VanVleet,SG,25,TOR,54,54,35.7,5.9,14.3,0.413,2.7,6.9,0.39,3.2,7.4,0.434,0.507,3.1,3.7,0.848,0.3,3.4,3.8,6.6,1.9,0.3,2.2,2.4,17.6,vanvlfr01
55,Gordon Hayward,SF,29,BOS,52,52,33.5,6.7,13.5,0.5,1.6,4.3,0.383,5.1,9.2,0.554,0.561,2.4,2.8,0.855,1.1,5.6,6.7,4.1,0.7,0.4,1.8,1.8,17.5,haywago01
56,Jaren Jackson Jr.,C,20,MEM,57,57,28.5,6.2,13.2,0.469,2.5,6.5,0.394,3.6,6.8,0.54,0.565,2.4,3.3,0.747,1,3.6,4.6,1.4,0.7,1.6,1.7,4.1,17.4,jacksja02
57,Marcus Morris,SF-PF,30,TOT,62,62,31.2,5.7,13.1,0.438,2.3,5.6,0.408,3.4,7.5,0.461,0.526,2.9,3.5,0.823,1,4.1,5,1.4,0.8,0.5,1.6,2.9,16.7,morrima03
58,Malcolm Brogdon,PG,27,IND,54,54,30.9,6,13.8,0.438,1.4,4.3,0.326,4.6,9.5,0.488,0.489,3.1,3.4,0.892,0.9,4,4.9,7.1,0.6,0.2,2.4,1.8,16.5,brogdma01
59,Ben Simmons,PG,23,PHI,57,57,35.4,6.6,11.4,0.58,0,0.1,0.286,6.5,11.2,0.583,0.581,3.2,5.2,0.621,2,5.8,7.8,8,2.1,0.6,3.5,3.3,16.4,simmobe01
60,Dillon Brooks,SG,24,MEM,73,73,28.9,6,14.6,0.407,2,5.6,0.358,3.9,9,0.438,0.476,2.2,2.8,0.808,0.9,2.4,3.3,2.1,0.9,0.4,1.7,3.8,16.2,brookdi01
61,Goran Dragic,PG,33,MIA,59,3,28.2,5.4,12.3,0.441,2.1,5.7,0.367,3.3,6.5,0.505,0.526,3.2,4.2,0.776,0.5,2.7,3.2,5.1,0.7,0.2,2.4,2.1,16.2,dragigo01
62,Norman Powell,SG,26,TOR,52,26,28.4,5.7,11.5,0.495,2.1,5.3,0.399,3.6,6.3,0.575,0.586,2.5,2.9,0.843,0.5,3.2,3.7,1.8,1.2,0.4,1.5,2.1,16,powelno01
63,Bam Adebayo,PF,22,MIA,72,72,33.6,6.1,11,0.557,0,0.2,0.143,6.1,10.8,0.564,0.558,3.7,5.3,0.691,2.4,7.8,10.2,5.1,1.1,1.3,2.8,2.5,15.9,adebaba01
64,Tim Hardaway Jr.,SG,27,DAL,71,58,29.5,5.4,12.5,0.434,2.9,7.2,0.398,2.5,5.2,0.485,0.55,2.1,2.6,0.819,0.4,2.9,3.3,1.9,0.6,0.1,1,1.8,15.8,hardati02
65,Hassan Whiteside,C,30,POR,67,61,30,6.5,10.5,0.621,0.1,0.1,0.571,6.4,10.4,0.622,0.624,2.4,3.6,0.686,3.9,9.7,13.5,1.2,0.4,2.9,1.8,2.9,15.5,whiteha01
66,Carmelo Anthony,PF,35,POR,58,58,32.8,5.8,13.5,0.43,1.5,3.9,0.385,4.3,9.6,0.448,0.485,2.3,2.8,0.845,1.2,5.1,6.3,1.5,0.8,0.5,1.7,2.9,15.4,anthoca01
67,Davis Bertans,PF,27,WAS,54,4,29.3,4.9,11.3,0.434,3.7,8.7,0.424,1.2,2.6,0.471,0.598,1.9,2.3,0.852,0.6,3.9,4.5,1.7,0.7,0.6,1.1,2.6,15.4,bertada01
68,Serge Ibaka,C,30,TOR,55,27,27,6.2,12.2,0.512,1.3,3.3,0.385,5,8.9,0.559,0.564,1.6,2.3,0.718,2.1,6.1,8.2,1.4,0.5,0.8,2,2.8,15.4,ibakase01
69,Kendrick Nunn,PG,24,MIA,67,67,29.3,6,13.6,0.439,2,5.8,0.35,3.9,7.8,0.505,0.514,1.3,1.5,0.85,0.3,2.4,2.7,3.3,0.8,0.2,1.7,2.3,15.3,nunnke01
70,JJ Redick,SG,35,NOP,60,36,26.4,4.8,10.5,0.453,3,6.6,0.453,1.8,3.9,0.453,0.596,2.8,3.1,0.892,0.2,2.4,2.5,2,0.3,0.2,1.3,1.6,15.3,redicjj01
71,Jordan Clarkson,SG,27,TOT,71,2,24,5.5,12.2,0.454,2.1,5.8,0.368,3.4,6.4,0.533,0.542,1.9,2.3,0.836,0.7,1.9,2.6,1.9,0.6,0.2,1.4,1.5,15.2,clarkjo01
72,Will Barton,SF,29,DEN,58,58,33,5.7,12.7,0.45,1.9,5,0.375,3.9,7.8,0.498,0.523,1.8,2.3,0.767,1.3,5,6.3,3.7,1.1,0.5,1.5,2.1,15.1,bartowi01
73,Bogdan Bogdanovic,SG,27,SAC,61,28,29,5.5,12.6,0.44,2.7,7.2,0.372,2.8,5.3,0.532,0.547,1.4,1.9,0.741,0.4,3,3.4,3.4,1,0.2,1.7,2.2,15.1,bogdabo01
74,Rudy Gobert,C,27,UTA,68,68,34.3,5.7,8.2,0.693,0,0,0,5.7,8.2,0.693,0.693,3.7,5.9,0.63,3.4,10.1,13.5,1.5,0.8,2,1.9,3.2,15.1,goberru01
75,Alec Burks,SF-SG,28,TOT,66,19,26.6,4.9,11.6,0.418,1.8,4.6,0.385,3.1,7.1,0.439,0.493,3.6,4,0.887,0.7,3.5,4.3,2.9,0.9,0.3,1.4,1.9,15,burksal01
76,Eric Bledsoe,PG,30,MIL,61,61,27,5.5,11.5,0.475,1.2,3.5,0.344,4.3,8,0.533,0.528,2.8,3.5,0.79,0.7,3.9,4.6,5.4,0.9,0.4,2.4,2.1,14.9,bledser01
77,Jonas Valanciunas,C,27,MEM,70,70,26.4,6.2,10.6,0.585,0.5,1.3,0.352,5.7,9.3,0.617,0.606,2.1,2.9,0.74,3,8.2,11.3,1.9,0.4,1.1,1.8,2.6,14.9,valanjo01
78,Lauri Markkanen,PF,22,CHI,50,50,29.8,5,11.8,0.425,2.2,6.3,0.344,2.8,5.5,0.518,0.517,2.5,3.1,0.824,1.2,5.1,6.3,1.5,0.8,0.5,1.6,1.9,14.7,markkla01
79,Terrence Ross,SG,28,ORL,69,0,27.4,4.9,12.3,0.403,2.6,7.3,0.351,2.4,5,0.48,0.508,2.3,2.7,0.853,0.2,3,3.2,1.2,1.1,0.3,1,1.6,14.7,rosste01
80,Harrison Barnes,PF,27,SAC,72,72,34.5,5.1,11,0.46,1.4,3.7,0.381,3.7,7.3,0.501,0.525,3,3.7,0.801,1.1,3.9,4.9,2.2,0.6,0.2,1.2,1.3,14.5,barneha02
81,Joe Harris,SF,28,BRK,69,69,30.8,5.5,11.4,0.486,2.5,5.9,0.424,3,5.5,0.553,0.596,0.9,1.3,0.719,0.9,3.4,4.3,2.1,0.6,0.2,1.5,2.3,14.5,harrijo01
82,Aaron Gordon,PF,24,ORL,62,62,32.5,5.4,12.4,0.437,1.2,3.8,0.308,4.2,8.5,0.494,0.484,2.4,3.6,0.674,1.7,5.9,7.7,3.7,0.8,0.6,1.6,2,14.4,gordoaa01
83,RJ Barrett,SG,19,NYK,56,55,30.4,5.2,13,0.402,1.1,3.5,0.32,4.1,9.5,0.432,0.445,2.8,4.5,0.614,0.9,4.1,5,2.6,1,0.3,2.2,2.2,14.3,barrerj01
84,Eric Paschall,PF,23,GSW,60,26,27.6,5.3,10.7,0.497,0.6,2.2,0.287,4.7,8.5,0.55,0.526,2.7,3.5,0.774,1.4,3.2,4.6,2.1,0.5,0.2,1.6,2.1,14,pascher01
85,Josh Richardson,SG,26,PHI,55,53,30.8,5.1,11.7,0.43,1.5,4.5,0.341,3.5,7.2,0.486,0.496,2.1,2.6,0.809,0.7,2.4,3.2,2.9,0.9,0.7,1.9,2.5,13.7,richajo01
86,Tyler Herro,SG,20,MIA,55,8,27.4,4.9,11.5,0.428,2.1,5.4,0.389,2.8,6.1,0.462,0.52,1.6,1.8,0.87,0.3,3.8,4.1,2.2,0.6,0.2,1.6,1.4,13.5,herroty01
87,Duncan Robinson,SG,25,MIA,73,68,29.7,4.4,9.4,0.47,3.7,8.3,0.446,0.7,1.1,0.654,0.667,0.9,1,0.931,0.1,3,3.2,1.4,0.5,0.3,1,2.6,13.5,robindu01
88,Coby White,PG,19,CHI,65,1,25.8,4.8,12.2,0.394,2,5.8,0.354,2.8,6.4,0.43,0.478,1.6,2,0.791,0.4,3.1,3.5,2.7,0.8,0.1,1.7,1.8,13.2,whiteco01
89,Christian Wood,PF,24,DET,62,12,21.4,4.6,8.2,0.567,0.9,2.3,0.386,3.8,5.9,0.636,0.62,2.9,3.9,0.744,1.7,4.6,6.3,1,0.5,0.9,1.4,1.6,13.1,woodch01
90,Miles Bridges,SF,21,CHO,65,64,30.7,4.9,11.6,0.424,1.5,4.6,0.33,3.4,7,0.486,0.489,1.6,2,0.809,1.4,4.2,5.6,1.8,0.6,0.7,1.5,2,13,bridgmi02
91,Ricky Rubio,PG,29,PHO,65,65,31,4.4,10.6,0.415,1.2,3.3,0.361,3.2,7.3,0.439,0.471,3,3.5,0.863,0.7,4,4.7,8.8,1.4,0.2,2.7,2.6,13,rubiori01
92,Marcus Smart,SG,25,BOS,60,40,32,4.3,11.4,0.375,2.3,6.6,0.347,2,4.8,0.415,0.476,2.1,2.5,0.836,0.7,3.1,3.8,4.9,1.7,0.5,1.7,2.7,12.9,smartma01
93,Kyle Kuzma,PF,24,LAL,61,9,25,4.8,11,0.436,1.4,4.5,0.316,3.4,6.5,0.518,0.5,1.9,2.5,0.735,0.9,3.6,4.5,1.3,0.5,0.4,1.5,2.1,12.8,kuzmaky01
94,Damion Lee,SG,27,GSW,49,36,29,4.3,10.4,0.417,1.7,4.9,0.356,2.6,5.6,0.471,0.5,2.2,2.6,0.873,0.7,4.2,4.9,2.7,1,0.1,1.4,2.4,12.7,leeda03
95,Robert Covington,PF-C,29,TOT,70,68,30.5,4.4,10.3,0.422,2.3,6.9,0.335,2.1,3.5,0.593,0.533,1.4,1.8,0.798,0.9,5.7,6.6,1.3,1.6,1.3,1.5,3.1,12.4,covinro01
96,Seth Curry,SG,29,DAL,64,25,24.6,4.4,9,0.495,2.3,5,0.452,2.2,4,0.549,0.621,1.3,1.5,0.825,0.4,1.8,2.3,1.9,0.6,0.1,1,1.8,12.4,curryse01
97,Darius Garland,SG,20,CLE,59,59,30.9,4.7,11.8,0.401,1.8,5,0.355,3,6.8,0.434,0.476,1.1,1.2,0.875,0.5,1.4,1.9,3.9,0.7,0.1,2.6,1.6,12.3,garlada01
98,De'Andre Hunter,SF,22,ATL,63,62,32,4.4,10.8,0.41,1.7,4.8,0.355,2.7,6,0.454,0.489,1.7,2.3,0.764,0.7,3.8,4.5,1.8,0.7,0.3,1.6,2.9,12.3,huntede01
99,Kevin Huerter,SG,21,ATL,56,48,31.4,4.5,10.9,0.413,2.3,6,0.38,2.2,4.9,0.453,0.517,0.9,1.1,0.828,0.6,3.4,4.1,3.8,0.9,0.5,1.6,2.5,12.2,huertke01
100,P.J. Washington,PF,21,CHO,58,57,30.3,4.6,10.2,0.455,1.5,4,0.374,3.1,6.2,0.507,0.528,1.5,2.3,0.647,1,4.4,5.4,2.1,0.9,0.8,1.6,2.7,12.2,washipj01
101,Brandon Clarke,PF,23,MEM,58,4,22.4,5.1,8.3,0.618,0.4,1.1,0.359,4.7,7.2,0.658,0.642,1.5,1.9,0.759,1.6,4.4,5.9,1.4,0.6,0.8,0.9,1.7,12.1,clarkbr01
102,Markelle Fultz,PG,21,ORL,72,60,27.7,5,10.7,0.465,0.5,1.9,0.267,4.5,8.8,0.507,0.488,1.6,2.2,0.73,0.6,2.7,3.3,5.1,1.3,0.2,2,2,12.1,fultzma01
103,Taurean Prince,PF,25,BRK,64,61,29,4.3,11.5,0.376,2.3,6.7,0.339,2.1,4.8,0.429,0.475,1.1,1.4,0.798,0.8,5.2,6,1.8,0.9,0.4,2,2.5,12.1,princta02
104,Myles Turner,C,23,IND,62,62,29.5,4.3,9.5,0.457,1.4,4,0.344,2.9,5.4,0.54,0.53,2,2.7,0.751,1.4,5.2,6.6,1.2,0.7,2.1,1.4,2.7,12.1,turnemy01
105,Jerami Grant,PF,25,DEN,71,24,26.6,4.3,8.9,0.478,1.4,3.5,0.389,2.9,5.4,0.537,0.555,2.1,2.8,0.75,0.8,2.7,3.5,1.2,0.7,0.8,0.9,2.2,12,grantje01
106,Brook Lopez,C,31,MIL,68,67,26.7,4.3,9.9,0.435,1.5,4.8,0.314,2.8,5.1,0.549,0.511,1.9,2.2,0.836,0.9,3.7,4.6,1.5,0.7,2.4,1,2.4,12,lopezbr01
107,Tristan Thompson,C,28,CLE,57,51,30.2,5.1,9.9,0.512,0.2,0.4,0.391,4.9,9.5,0.518,0.52,1.7,2.8,0.615,4,6.2,10.1,2.1,0.6,0.9,1.8,2.2,12,thomptr01
108,Al Horford,C,33,PHI,67,61,30.2,4.8,10.6,0.45,1.5,4.2,0.35,3.3,6.4,0.516,0.52,0.9,1.2,0.763,1.5,5.3,6.8,4,0.8,0.9,1.2,2.1,11.9,horfoal01
109,Lonzo Ball,PG,22,NOP,63,54,32.1,4.4,10.9,0.403,2.3,6.3,0.375,2,4.6,0.442,0.511,0.7,1.2,0.566,1.1,5,6.1,7,1.4,0.6,3.1,2,11.8,balllo01
110,Glenn Robinson III,SF,26,TOT,62,52,28.8,4.6,9.5,0.486,1.2,3.2,0.391,3.4,6.4,0.534,0.552,1.2,1.4,0.86,1.3,3,4.4,1.5,0.9,0.3,0.9,1.6,11.7,robingl02
111,Patty Mills,PG,31,SAS,66,1,22.5,3.9,9.1,0.431,2.3,6.1,0.382,1.6,3,0.533,0.56,1.5,1.7,0.866,0.3,1.3,1.6,1.8,0.8,0.1,0.8,1.6,11.6,millspa02
112,Nemanja Bjelica,PF,31,SAC,72,67,27.9,4.4,9.1,0.481,1.9,4.4,0.419,2.5,4.6,0.541,0.583,1,1.2,0.821,1.5,4.8,6.4,2.8,0.9,0.6,1.4,3,11.5,bjeline01
113,Derrick White,SG,25,SAS,68,20,24.7,3.7,8.1,0.458,1.2,3.2,0.366,2.6,4.9,0.518,0.53,2.6,3.1,0.853,0.5,2.8,3.3,3.5,0.6,0.9,1.3,2.2,11.3,whitede01
114,Malik Beasley,SG,23,TOT,55,14,22,4.1,9.7,0.425,1.9,5,0.388,2.2,4.7,0.465,0.525,1,1.2,0.818,0.3,2.4,2.7,1.4,0.7,0.1,1,1.4,11.2,beaslma01
115,Bryn Forbes,SG,26,SAS,63,62,25.1,3.8,9.2,0.417,2.3,6,0.388,1.5,3.2,0.47,0.544,1.2,1.4,0.833,0.2,1.8,2,1.7,0.5,0,0.9,1.8,11.2,forbebr01
116,Jarrett Allen,C,21,BRK,70,64,26.5,4.3,6.6,0.649,0,0.1,0,4.3,6.6,0.658,0.649,2.4,3.9,0.633,3.1,6.5,9.6,1.6,0.6,1.3,1.1,2.3,11.1,allenja01
117,Cody Zeller,C,27,CHO,58,39,23.1,4.3,8.3,0.524,0.3,1.3,0.24,4,7,0.577,0.543,2.1,3.1,0.682,2.8,4.3,7.1,1.5,0.7,0.4,1.3,2.4,11.1,zelleco01
118,Cedi Osman,SF,24,CLE,65,65,29.4,4.1,9.4,0.437,1.9,4.9,0.383,2.2,4.4,0.497,0.538,1,1.4,0.67,0.6,3,3.6,2.4,0.8,0.2,1.4,2.5,11,osmande01
119,Steven Adams,C,26,OKC,63,63,26.7,4.5,7.6,0.592,0,0,0.333,4.5,7.5,0.594,0.593,1.9,3.2,0.582,3.3,6,9.3,2.3,0.8,1.1,1.5,1.9,10.9,adamsst01
120,Dejounte Murray,PG,23,SAS,66,58,25.6,4.5,9.7,0.462,0.6,1.7,0.369,3.8,8,0.481,0.494,1.4,1.7,0.798,1,4.8,5.8,4.1,1.7,0.3,1.9,2.2,10.9,murrade01
121,Ish Smith,PG,31,WAS,68,23,26.3,4.5,10.1,0.447,0.9,2.5,0.367,3.6,7.6,0.473,0.492,0.9,1.3,0.721,0.4,2.8,3.2,4.9,0.9,0.4,1.4,1.6,10.9,smithis01
122,Jeff Teague,PG,31,TOT,59,17,24.8,3.6,8.3,0.436,0.7,2,0.368,2.9,6.3,0.457,0.48,2.9,3.3,0.873,0.5,1.9,2.4,5.2,0.7,0.3,2,1.8,10.9,teaguje01
123,Rudy Gay,PF,33,SAS,67,5,21.8,4,8.9,0.446,1.1,3.3,0.336,2.9,5.6,0.511,0.508,1.8,2,0.882,0.9,4.5,5.4,1.7,0.5,0.5,1.3,1.5,10.8,gayru01
124,Dario Saric,PF,25,PHO,66,51,24.7,3.9,8.2,0.476,1.3,3.6,0.357,2.6,4.6,0.568,0.554,1.6,1.9,0.844,1.5,4.6,6.2,1.9,0.6,0.2,1.3,2.4,10.7,saricda01
125,OG Anunoby,SF,22,TOR,69,68,29.9,4.1,8.2,0.505,1.3,3.3,0.39,2.9,4.9,0.583,0.584,1,1.5,0.706,1.2,4.1,5.3,1.6,1.4,0.7,1.1,2.4,10.6,anunoog01
126,D.J. Augustin,PG,32,ORL,57,13,24.9,3.2,8.1,0.399,1.2,3.5,0.348,2,4.6,0.438,0.475,2.8,3.2,0.89,0.4,1.8,2.1,4.6,0.6,0,1.5,1.3,10.5,augusdj01
127,Jae Crowder,SF-PF,29,TOT,65,53,28.8,3.5,8.7,0.401,2.1,6.1,0.343,1.4,2.6,0.538,0.521,1.5,1.9,0.776,0.8,5.1,5.9,2.5,1.1,0.4,1.1,2.2,10.5,crowdja01
128,Danuel House Jr.,SF,26,HOU,63,52,30.4,3.7,8.6,0.427,2,5.6,0.363,1.6,2.9,0.549,0.546,1.2,1.4,0.811,0.9,3.3,4.2,1.3,1.1,0.5,0.9,2.1,10.5,houseda01
129,Cam Reddish,SF,20,ATL,58,34,26.7,3.7,9.6,0.384,1.4,4.3,0.332,2.2,5.2,0.428,0.459,1.7,2.2,0.802,0.6,3.1,3.7,1.5,1.1,0.5,1.7,2.3,10.5,reddica01
130,Troy Brown Jr.,SF,20,WAS,69,22,25.8,4,9,0.439,0.9,2.6,0.341,3.1,6.4,0.479,0.488,1.6,2,0.784,1.1,4.4,5.6,2.6,1.2,0.1,1.1,1.9,10.4,browntr01
131,Gary Harris,SG,25,DEN,56,55,31.8,3.9,9.3,0.42,1.3,3.8,0.333,2.6,5.5,0.479,0.487,1.3,1.6,0.815,0.5,2.4,2.9,2.1,1.4,0.3,1.1,2.1,10.4,harriga01
132,Langston Galloway,SG,28,DET,66,6,25.8,3.6,8.2,0.435,2,5,0.399,1.6,3.2,0.493,0.557,1.1,1.3,0.859,0.5,1.8,2.3,1.5,0.7,0.2,0.6,1.5,10.3,gallola01
133,Doug McDermott,PF,28,IND,69,0,19.9,3.9,7.9,0.488,1.9,4.3,0.435,2,3.7,0.549,0.605,0.7,0.8,0.828,0.4,2.1,2.5,1.1,0.2,0.1,0.6,1.7,10.3,mcderdo01
134,Malik Monk,SG,21,CHO,55,1,21.3,3.9,8.9,0.434,1.1,3.7,0.284,2.8,5.2,0.542,0.494,1.5,1.8,0.82,0.5,2.4,2.9,2.1,0.5,0.3,1.4,1.3,10.3,monkma01
135,Shabazz Napier,PG,28,TOT,56,32,24,3.4,8.1,0.412,1.4,4.3,0.317,2,3.9,0.519,0.496,2.3,2.7,0.824,0.5,2.4,2.8,4.7,1.2,0.2,2.3,1.8,10.3,napiesh01
136,Garrett Temple,SG,33,BRK,62,35,27.9,3.6,9.5,0.378,2,6.2,0.329,1.5,3.2,0.473,0.486,1.1,1.4,0.805,0.5,3,3.5,2.5,0.8,0.5,1,1.7,10.3,templga01
137,Thaddeus Young,PF,31,CHI,64,16,24.9,4.2,9.4,0.448,1.2,3.5,0.356,3,5.9,0.501,0.513,0.7,1.1,0.583,1.5,3.5,4.9,1.8,1.4,0.4,1.6,2.1,10.3,youngth01
138,Josh Hart,SF,24,NOP,65,16,27,3.5,8.2,0.423,1.9,5.4,0.342,1.6,2.7,0.584,0.537,1.3,1.8,0.739,0.9,5.6,6.5,1.7,1,0.4,1.2,2.5,10.1,hartjo01
139,Ben McLemore,SF,26,HOU,71,23,22.8,3.4,7.7,0.444,2.5,6.4,0.4,0.9,1.3,0.656,0.61,0.7,0.9,0.746,0.3,1.9,2.2,0.8,0.6,0.2,0.7,2.2,10.1,mclembe01
140,Larry Nance Jr.,PF,27,CLE,56,10,26.3,4.1,7.7,0.531,1,2.8,0.352,3.1,4.9,0.636,0.596,0.9,1.3,0.676,1.9,5.4,7.3,2.2,1,0.4,1.1,1.6,10.1,nancela02
141,Bobby Portis,PF,24,NYK,66,5,21.1,4,8.9,0.45,1,2.8,0.358,3,6.1,0.493,0.507,1.1,1.4,0.763,1.2,3.9,5.1,1.5,0.5,0.3,1.1,1.7,10.1,portibo01
142,Kevin Porter Jr.,SF,19,CLE,50,3,23.2,3.7,8.4,0.442,1.1,3.2,0.335,2.7,5.3,0.506,0.505,1.5,2,0.723,0.4,2.8,3.2,2.2,0.9,0.3,1.9,2.7,10,porteke02
143,Tomas Satoransky,SG,28,CHI,65,64,28.9,3.6,8.5,0.43,1,3.1,0.322,2.7,5.4,0.491,0.488,1.6,1.9,0.876,1.2,2.7,3.9,5.4,1.2,0.1,2,2.1,9.9,satorto01
144,Joe Ingles,PF,32,UTA,72,45,29.7,3.4,7.7,0.445,2,4.9,0.399,1.5,2.8,0.525,0.572,1,1.3,0.787,0.4,3.5,3.9,5.2,0.9,0.2,2,2.1,9.8,inglejo01
145,Furkan Korkmaz,SG,22,PHI,72,12,21.7,3.4,7.8,0.43,2,4.9,0.402,1.4,2.9,0.478,0.557,1.1,1.4,0.755,0.3,2.1,2.3,1.1,0.6,0.2,0.8,1.4,9.8,korkmfu01
146,Markieff Morris,PF,30,TOT,58,17,20.5,3.5,7.9,0.443,1.5,3.9,0.386,2,4,0.5,0.539,1.1,1.5,0.776,0.7,3.1,3.8,1.3,0.5,0.3,1.3,2.3,9.7,morrima02
147,Mitchell Robinson,C,21,NYK,61,7,23.1,4.1,5.6,0.742,0,0,0,4.1,5.6,0.742,0.742,1.4,2.4,0.568,3,4,7,0.6,0.9,2,0.6,3.2,9.7,robinmi01
148,Dorian Finney-Smith,PF,26,DAL,71,68,29.9,3.4,7.4,0.466,1.6,4.3,0.376,1.8,3.1,0.589,0.575,1.1,1.5,0.722,2,3.7,5.7,1.6,0.6,0.5,1,2.5,9.5,finnedo01
149,Aaron Holiday,PG,23,IND,66,33,24.5,3.5,8.5,0.414,1.3,3.3,0.394,2.2,5.2,0.427,0.491,1.1,1.3,0.851,0.3,2,2.4,3.4,0.8,0.2,1.3,1.8,9.5,holidaa01
150,George Hill,PG,33,MIL,59,2,21.5,3.3,6.4,0.516,1.4,3,0.46,1.9,3.4,0.565,0.624,1.4,1.7,0.842,0.8,2.2,3,3.1,0.8,0.1,1,1.4,9.4,hillge01
151,Kentavious Caldwell-Pope,SG,26,LAL,69,26,25.5,3.4,7.3,0.467,1.3,3.5,0.385,2.1,3.9,0.541,0.558,1.1,1.5,0.775,0.6,1.5,2.1,1.6,0.8,0.2,0.9,1.9,9.3,caldwke01
152,Marquese Chriss,PF,22,GSW,59,21,20.3,3.6,6.5,0.545,0.1,0.7,0.205,3.4,5.9,0.584,0.556,2,2.6,0.769,1.9,4.3,6.2,1.9,0.7,1.1,1.3,2.1,9.3,chrisma01
153,Michael Porter Jr.,SF,21,DEN,55,8,16.4,3.5,7,0.509,1.1,2.7,0.422,2.4,4.3,0.564,0.59,1.1,1.3,0.833,1.2,3.5,4.7,0.8,0.5,0.5,0.9,1.8,9.3,portemi01
154,Landry Shamet,SG,22,LAC,53,30,27.4,3,7.4,0.404,2.1,5.6,0.375,0.9,1.8,0.495,0.546,1.2,1.4,0.855,0.1,1.8,1.9,1.9,0.4,0.2,0.8,2.7,9.3,shamela01
155,Jarrett Culver,SG,20,MIN,63,35,23.9,3.7,9,0.404,1,3.5,0.299,2.6,5.5,0.471,0.462,0.9,1.9,0.462,1.1,2.3,3.4,1.7,0.9,0.6,1.3,2,9.2,culveja01
156,Donte DiVincenzo,SG,23,MIL,66,24,23,3.5,7.7,0.455,1.3,3.7,0.336,2.3,4,0.567,0.536,1,1.3,0.733,1,3.8,4.8,2.3,1.3,0.3,1.4,1.7,9.2,divindo01
157,Daniel Theis,C,27,BOS,65,64,24.1,3.7,6.6,0.566,0.5,1.5,0.333,3.2,5.1,0.633,0.603,1.3,1.8,0.763,2.2,4.4,6.6,1.7,0.6,1.3,0.8,3.4,9.2,theisda01
158,Mikal Bridges,SF,23,PHO,73,32,28,3.4,6.6,0.51,1,2.7,0.361,2.4,4,0.61,0.583,1.4,1.7,0.844,0.9,3.1,4,1.8,1.4,0.6,1,2.2,9.1,bridgmi01
159,Maxi Kleber,PF,28,DAL,74,21,25.5,3.2,6.9,0.461,1.6,4.3,0.373,1.6,2.6,0.605,0.577,1.1,1.3,0.849,1.5,3.7,5.2,1.2,0.3,1.1,0.8,2.4,9.1,klebima01
160,Derrick Favors,C,28,NOP,51,49,24.4,4.1,6.6,0.617,0,0.1,0.143,4.1,6.5,0.627,0.618,0.8,1.4,0.563,3.2,6.6,9.8,1.6,0.6,0.9,1.1,2.1,9,favorde01
161,Monte Morris,PG,24,DEN,73,12,22.4,3.6,7.8,0.459,0.9,2.4,0.378,2.7,5.4,0.495,0.517,1,1.2,0.843,0.3,1.5,1.9,3.5,0.8,0.2,0.7,1,9,morrimo01
162,Svi Mykhailiuk,SF,22,DET,56,27,22.6,3,7.2,0.41,2.1,5.1,0.404,0.9,2.1,0.425,0.552,1,1.3,0.814,0.3,1.6,1.9,1.9,0.7,0.1,1.1,1.6,9,mykhasv01
163,Bruce Brown,PG,23,DET,58,43,28.2,3.4,7.7,0.443,0.6,1.7,0.344,2.8,6.1,0.47,0.48,1.5,2.1,0.739,1.1,3.7,4.7,4,1.1,0.5,1.7,2.8,8.9,brownbr01
164,Gary Trent Jr.,SF,21,POR,61,8,21.8,3.2,7.2,0.444,1.8,4.4,0.418,1.4,2.8,0.486,0.571,0.6,0.7,0.822,0.4,1.2,1.6,1,0.8,0.3,0.3,1.5,8.9,trentga02
165,Kent Bazemore,SF,30,TOT,68,21,24.8,2.9,7.9,0.375,1.2,3.6,0.344,1.7,4.3,0.4,0.453,1.7,2.2,0.769,0.4,3.9,4.3,1.4,1.1,0.6,1.3,2.9,8.8,bazemke01
166,Cameron Johnson,PF,23,PHO,57,9,22,3.1,7.1,0.435,1.9,4.8,0.39,1.2,2.3,0.526,0.565,0.8,1,0.807,0.9,2.4,3.3,1.2,0.6,0.4,0.6,1.5,8.8,johnsca02
167,Jordan Poole,SG,20,GSW,57,14,22.4,2.9,8.8,0.333,1.3,4.6,0.279,1.6,4.2,0.392,0.406,1.7,2.1,0.798,0.2,1.9,2.1,2.4,0.6,0.2,1.3,1.6,8.8,poolejo01
168,Austin Rivers,SG,27,HOU,68,4,23.4,3.1,7.4,0.421,1.4,4,0.356,1.7,3.4,0.498,0.517,1.1,1.6,0.703,0.4,2.2,2.6,1.7,0.7,0.1,0.7,1.9,8.8,riverau01
169,Josh Okogie,SG,21,MIN,62,28,25,2.7,6.4,0.427,0.7,2.5,0.266,2.1,3.9,0.529,0.479,2.5,3.1,0.796,1.4,2.9,4.3,1.6,1.1,0.4,1.4,2.2,8.6,okogijo01
170,Derrick Jones Jr.,SF,22,MIA,59,16,23.3,3.1,5.9,0.527,0.6,2.2,0.28,2.5,3.7,0.677,0.58,1.6,2.1,0.772,1.1,2.8,3.9,1.1,1,0.6,0.5,2.2,8.5,jonesde02
171,Justin Holiday,SF,30,IND,73,6,25,2.8,6.7,0.428,1.8,4.5,0.405,1,2.1,0.477,0.566,0.7,0.9,0.791,0.4,2.8,3.3,1.3,1.2,0.6,0.6,1.9,8.3,holidju01
172,DeAndre Jordan,C,31,BRK,56,6,22,3.4,5.1,0.666,0,0,0,3.4,5.1,0.666,0.666,1.5,2.2,0.68,2.5,7.5,10,1.9,0.3,0.9,1.3,2,8.3,jordade01
173,E'Twaun Moore,SG,30,NOP,56,6,18.2,3.3,7.8,0.426,1.1,3,0.377,2.2,4.8,0.456,0.498,0.6,0.8,0.689,0.6,1.8,2.3,1.4,0.6,0.2,0.7,1.4,8.3,mooreet01
174,Anfernee Simons,SG,20,POR,70,4,20.7,3.1,7.7,0.399,1.1,3.2,0.332,2,4.4,0.448,0.469,1.1,1.3,0.826,0.4,1.8,2.2,1.4,0.4,0.1,0.9,1.9,8.3,simonan01
175,Ivica Zubac,C,22,LAC,72,70,18.4,3.3,5.3,0.613,0,0,0,3.3,5.3,0.616,0.613,1.7,2.3,0.747,2.7,4.8,7.5,1.1,0.2,0.9,0.8,2.3,8.3,zubaciv01
176,Jalen Brunson,PG,23,DAL,57,16,17.9,3.2,6.8,0.466,0.8,2.1,0.358,2.4,4.7,0.515,0.522,1.1,1.3,0.813,0.4,2,2.4,3.3,0.4,0.1,1.2,1.3,8.2,brunsja01
177,Kelly Olynyk,C,28,MIA,67,9,19.4,2.7,5.9,0.462,1.4,3.5,0.406,1.3,2.4,0.543,0.582,1.3,1.5,0.86,0.7,3.9,4.6,1.7,0.7,0.3,1.1,2.6,8.2,olynyke01
178,Enes Kanter,C,27,BOS,58,7,16.9,3.4,6,0.572,0,0.1,0.143,3.4,5.9,0.581,0.573,1.2,1.7,0.707,2.8,4.6,7.4,1,0.4,0.7,1,1.7,8.1,kanteen01
179,Trevor Ariza,SF,34,TOT,53,21,28.2,2.7,6.1,0.438,1.5,3.9,0.372,1.2,2.2,0.556,0.557,1.2,1.4,0.838,0.6,4,4.6,1.7,1.3,0.3,1.1,2.1,8,arizatr01
180,Danny Green,SG,32,LAL,68,68,24.8,2.9,7,0.416,1.8,4.8,0.367,1.1,2.2,0.524,0.542,0.5,0.7,0.688,0.8,2.6,3.3,1.3,1.3,0.5,0.9,2,8,greenda02
181,Alex Len,C,26,TOT,55,12,17.6,3.2,5.8,0.555,0.3,1.1,0.271,2.9,4.7,0.619,0.58,1.2,1.9,0.648,1.8,4,5.8,0.9,0.4,0.9,1,2.3,8,lenal01
182,Tony Snell,SF,28,DET,59,57,27.8,2.9,6.5,0.445,1.7,4.3,0.402,1.2,2.2,0.531,0.579,0.5,0.5,1,0.2,1.7,1.9,2.2,0.5,0.3,0.5,1.7,8,snellto01
183,Patrick Beverley,PG,31,LAC,51,50,26.3,2.9,6.7,0.431,1.6,4,0.388,1.3,2.6,0.496,0.548,0.6,0.9,0.66,1.1,4.1,5.2,3.6,1.1,0.5,1.3,3.1,7.9,beverpa01
184,De'Anthony Melton,PG,21,MEM,60,8,19.5,2.7,6.7,0.401,0.7,2.3,0.286,2,4.4,0.464,0.451,1.6,2,0.769,0.7,3,3.7,2.9,1.3,0.3,1.4,1.8,7.6,meltode01
185,Omari Spellman,C,22,GSW,49,3,18.1,2.6,6,0.431,0.9,2.2,0.391,1.7,3.8,0.454,0.503,1.5,1.9,0.793,1.6,2.9,4.5,1,0.7,0.5,1.1,1.3,7.6,spellom01
186,Terence Davis,SG,22,TOR,72,4,16.8,2.8,6.1,0.456,1.3,3.4,0.388,1.5,2.7,0.541,0.564,0.7,0.8,0.864,0.7,2.6,3.3,1.6,0.5,0.2,1.1,1.7,7.5,daviste02
187,Dwight Howard,C,34,LAL,69,2,18.9,2.9,4,0.729,0,0.1,0.6,2.9,3.9,0.732,0.735,1.6,3.1,0.514,2.5,4.9,7.3,0.7,0.4,1.1,1.2,3.2,7.5,howardw01
188,Bismack Biyombo,C,27,CHO,53,29,19.4,2.8,5.2,0.543,0,0,0,2.8,5.2,0.543,0.543,1.7,2.8,0.603,2.3,3.5,5.8,0.9,0.2,0.9,0.9,2.2,7.4,biyombi01
189,Gorgui Dieng,C,30,TOT,63,17,17.4,2.6,5.8,0.456,0.9,2.4,0.355,1.8,3.4,0.528,0.53,1.2,1.6,0.772,1.4,4.2,5.6,1.2,0.8,0.9,1,2,7.4,dienggo01
190,Jaxson Hayes,C,19,NOP,64,14,16.9,2.7,4,0.672,0,0.1,0.25,2.7,4,0.678,0.674,1.9,3,0.647,1.5,2.5,4,0.9,0.4,0.9,0.8,2.5,7.4,hayesja02
191,Tyus Jones,PG,23,MEM,65,6,19,3,6.6,0.459,0.7,1.9,0.379,2.3,4.7,0.492,0.514,0.7,0.9,0.741,0.1,1.4,1.6,4.4,0.9,0.1,0.8,0.7,7.4,jonesty01
192,Wesley Matthews,SG,33,MIL,67,67,24.4,2.5,6.3,0.396,1.6,4.4,0.364,0.9,1.9,0.472,0.524,0.8,1,0.765,0.3,2.1,2.5,1.4,0.6,0.1,0.6,1.5,7.4,matthwe02
193,Nerlens Noel,C,25,OKC,61,7,18.5,3,4.4,0.684,0,0,0.333,3,4.4,0.688,0.686,1.3,1.7,0.755,1.5,3.4,4.9,0.9,1,1.5,1.1,2.7,7.4,noelne01
194,Kris Dunn,PG,25,CHI,51,32,24.9,3,6.7,0.444,0.6,2.2,0.259,2.4,4.5,0.535,0.487,0.8,1.1,0.741,0.5,3.2,3.6,3.4,2,0.3,1.3,3.1,7.3,dunnkr01
195,Emmanuel Mudiay,PG,23,UTA,54,2,15.7,2.8,6.1,0.462,0.6,1.6,0.345,2.2,4.4,0.504,0.508,1.2,1.5,0.759,0.3,2,2.3,2.1,0.4,0.2,1.4,1.3,7.3,mudiaem01
196,Willie Cauley-Stein,C,26,TOT,54,39,20.3,3.2,5.6,0.579,0,0,0,3.2,5.6,0.581,0.579,0.7,1.2,0.606,1.6,4.3,5.8,1.3,0.9,1.1,0.7,2.2,7.2,caulewi01
197,Mason Plumlee,C,29,DEN,61,1,17.3,2.9,4.7,0.615,0,0.1,0,2.9,4.6,0.625,0.615,1.4,2.5,0.535,1.6,3.6,5.2,2.5,0.5,0.6,1.3,2.3,7.2,plumlma01
198,Rondae Hollis-Jefferson,PF,25,TOR,60,6,18.7,2.6,5.5,0.471,0.1,0.4,0.13,2.5,5.1,0.497,0.476,1.8,2.4,0.734,1.8,2.9,4.7,1.8,0.8,0.4,1,1.9,7,holliro01
199,P.J. Tucker,PF,34,HOU,72,72,34.3,2.5,5.9,0.415,1.5,4.2,0.358,1,1.8,0.551,0.541,0.5,0.7,0.813,1.6,5.1,6.6,1.6,1.1,0.5,1,3.2,6.9,tuckepj01
200,Brad Wanamaker,PG,30,BOS,71,1,19.3,2.3,5.1,0.448,0.5,1.4,0.363,1.8,3.7,0.481,0.499,1.8,1.9,0.926,0.3,1.7,2,2.5,0.9,0.2,1.1,1.9,6.9,wanambr01
201,Delon Wright,PG,27,DAL,73,5,21.5,2.6,5.6,0.462,0.6,1.7,0.37,2,3.9,0.504,0.519,1.1,1.4,0.77,1,2.9,3.8,3.3,1.2,0.3,1,1.3,6.9,wrighde01
202,JaMychal Green,PF,29,LAC,63,1,20.7,2.4,5.6,0.429,1.5,3.8,0.387,0.9,1.8,0.518,0.56,0.6,0.8,0.75,1.2,4.9,6.2,0.8,0.5,0.4,0.9,2.8,6.8,greenja01
203,Damyean Dotson,SG,25,NYK,48,0,17.4,2.5,6,0.414,1.2,3.4,0.362,1.3,2.6,0.48,0.516,0.5,0.7,0.667,0.2,1.7,1.9,1.2,0.5,0.1,0.4,0.9,6.7,dotsoda01
204,Kyle Korver,SF,38,MIL,58,1,16.6,2.2,5.1,0.43,1.7,4.1,0.418,0.5,1,0.482,0.599,0.6,0.7,0.854,0.3,1.8,2.1,1.2,0.4,0.2,0.8,1.3,6.7,korveky01
205,Chris Boucher,C,27,TOR,62,0,13.2,2.3,4.8,0.472,0.6,1.9,0.322,1.7,2.9,0.569,0.535,1.5,1.9,0.784,1.7,2.7,4.5,0.4,0.4,1,0.5,1.8,6.6,bouchch01
206,James Ennis III,SF-SG,29,TOT,69,18,18.3,2.3,5.2,0.446,0.8,2.4,0.325,1.5,2.8,0.553,0.522,1.1,1.4,0.806,1,2.5,3.6,0.9,0.5,0.3,0.8,2,6.6,ennisja01
207,Ersan Ilyasova,PF,32,MIL,63,8,15.7,2.3,5,0.466,0.8,2.2,0.365,1.5,2.8,0.545,0.546,1.1,1.4,0.828,1,3.8,4.8,0.8,0.4,0.3,0.5,1.5,6.6,ilyaser01
208,JaVale McGee,C,32,LAL,68,68,16.6,2.9,4.5,0.637,0,0.1,0.5,2.8,4.4,0.64,0.642,0.8,1.2,0.646,1.8,3.9,5.7,0.5,0.5,1.4,0.8,2.3,6.6,mcgeeja01
209,Nicolo Melli,C,29,NOP,60,8,17.4,2.3,5.4,0.421,1.2,3.4,0.335,1.1,2,0.573,0.528,0.9,1.2,0.74,0.6,2.4,3,1.4,0.6,0.4,0.8,2.1,6.6,mellini01
210,T.J. McConnell,PG,27,IND,71,3,18.7,3,5.8,0.516,0.1,0.2,0.294,2.9,5.5,0.525,0.522,0.5,0.6,0.833,0.5,2.1,2.7,5,0.8,0.2,1.4,1,6.5,mccontj01
211,Cory Joseph,PG,28,SAC,72,26,24.4,2.4,5.7,0.415,0.8,2.2,0.352,1.6,3.5,0.455,0.483,0.8,1,0.857,0.6,2,2.6,3.5,0.7,0.3,1.1,1.8,6.4,josepco01
212,Kevin Knox,SF,20,NYK,65,4,17.9,2.2,6.2,0.359,1,3.1,0.327,1.2,3.1,0.391,0.44,1,1.6,0.653,0.4,2.4,2.8,0.9,0.4,0.4,0.7,1.6,6.4,knoxke01
213,Trey Lyles,PF,24,SAS,63,53,20.2,2.4,5.4,0.446,1,2.7,0.387,1.4,2.8,0.503,0.541,0.5,0.7,0.733,1.1,4.6,5.7,1.1,0.4,0.4,0.6,1.6,6.4,lylestr01
214,Lonnie Walker IV,SG,21,SAS,61,12,16.2,2.5,5.9,0.426,0.7,1.7,0.406,1.8,4.2,0.434,0.483,0.7,1,0.721,0.4,1.9,2.3,1.1,0.5,0.2,0.7,1.3,6.4,walkelo01
215,Marco Belinelli,SG,33,SAS,57,0,15.5,2.2,5.5,0.392,1.2,3.1,0.376,1,2.4,0.412,0.498,0.8,1,0.828,0.1,1.6,1.7,1.2,0.2,0,0.3,0.8,6.3,belinma01
216,Frank Jackson,PG,21,NOP,59,2,13.5,2.3,5.6,0.405,0.8,2.4,0.326,1.5,3.2,0.465,0.476,0.9,1.3,0.747,0.4,1,1.4,1,0.3,0.1,0.8,1.3,6.3,jacksfr01
217,Abdel Nader,SF,26,OKC,55,6,15.8,2.2,4.8,0.468,0.9,2.3,0.375,1.4,2.5,0.556,0.559,0.9,1.2,0.773,0.3,1.6,1.8,0.7,0.4,0.4,0.8,1.4,6.3,naderab01
218,Frank Ntilikina,PG,21,NYK,57,26,20.8,2.3,5.8,0.393,0.8,2.4,0.321,1.5,3.4,0.444,0.459,0.9,1,0.864,0.4,1.7,2.1,3,0.9,0.3,1.2,2.5,6.3,ntilila01
219,Royce O'Neale,SF,26,UTA,71,62,28.9,2.2,5.1,0.433,1.3,3.4,0.377,0.9,1.7,0.545,0.559,0.6,0.8,0.764,0.4,5.1,5.5,2.5,0.8,0.5,0.9,2.8,6.3,onealro01
220,Taj Gibson,C,34,NYK,62,56,16.5,2.7,4.6,0.584,0.1,0.2,0.286,2.6,4.4,0.599,0.591,0.7,0.9,0.732,1.8,2.5,4.3,0.8,0.4,0.5,0.8,2,6.1,gibsota01
221,Mike Scott,PF,31,PHI,68,11,17.8,2.2,5.1,0.426,1.2,3.2,0.369,1,2,0.519,0.54,0.4,0.5,0.811,1,2.7,3.6,0.8,0.3,0.1,0.4,1.4,6,scottmi01
222,Georges Niang,PF,26,UTA,66,1,14,2.1,4.9,0.438,1.4,3.4,0.4,0.8,1.5,0.526,0.578,0.3,0.4,0.833,0.2,1.7,1.9,0.7,0.3,0.1,0.5,1.1,5.9,niangge01
223,Marvin Williams,PF,33,TOT,58,1,19.5,2.1,4.6,0.446,1,2.7,0.359,1.1,1.9,0.568,0.551,0.8,1,0.86,0.5,2.6,3.2,1,0.6,0.5,0.6,1.8,5.9,willima02
224,Kyle Anderson,SF,26,MEM,67,28,19.9,2.3,4.9,0.474,0.4,1.3,0.282,2,3.7,0.541,0.511,0.8,1.2,0.667,0.9,3.4,4.3,2.4,0.8,0.6,1,1.7,5.8,anderky01
225,Maurice Harkless,PF-SF,26,TOT,62,48,23,2.3,4.6,0.502,0.5,1.6,0.347,1.7,3,0.584,0.562,0.6,1.1,0.591,0.9,3,3.9,1.1,0.9,0.5,0.9,2.4,5.8,harklma01
226,Wes Iwundu,SF,25,ORL,52,21,18.3,1.9,4.5,0.416,0.5,1.6,0.341,1.3,2.9,0.457,0.476,1.5,1.9,0.804,0.5,2.1,2.5,1.2,0.5,0.3,0.5,1.5,5.8,iwundwe01
227,Darius Bazley,PF,19,OKC,61,9,18.5,2,5.2,0.394,0.8,2.3,0.348,1.2,2.9,0.432,0.472,0.7,1,0.694,0.5,3.5,4,0.7,0.4,0.7,0.7,0.9,5.6,bazleda01
228,Damian Jones,C,24,ATL,55,27,16.1,2.2,3.2,0.68,0,0.2,0.222,2.2,3.1,0.704,0.685,1.1,1.5,0.738,1.3,2.4,3.7,0.6,0.5,0.7,0.5,2.7,5.6,jonesda03
229,Jakob Poeltl,C,24,SAS,66,18,17.7,2.5,4,0.624,0,0,0,2.5,4,0.624,0.624,0.6,1.3,0.465,2,3.7,5.7,1.8,0.6,1.4,0.8,1.9,5.6,poeltja01
230,Alex Caruso,PG,25,LAL,64,2,18.4,1.9,4.5,0.412,0.6,1.9,0.333,1.3,2.7,0.468,0.481,1.1,1.5,0.734,0.3,1.7,1.9,1.9,1.1,0.3,0.8,1.5,5.5,carusal01
231,Solomon Hill,PF,28,TOT,59,4,18.4,1.9,4.7,0.396,1.1,2.9,0.368,0.8,1.8,0.439,0.509,0.7,0.9,0.741,0.5,2.3,2.8,1.8,0.7,0.2,0.9,1.4,5.5,hillso01
232,Justin Jackson,PF,24,DAL,65,3,16.1,2.1,5.2,0.396,0.7,2.5,0.294,1.3,2.7,0.489,0.466,0.6,0.8,0.84,0.4,2,2.4,0.8,0.2,0.2,0.2,1.1,5.5,jacksju01
233,Mo Bamba,C,21,ORL,62,0,14.2,2.1,4.6,0.462,0.6,1.7,0.346,1.5,2.9,0.531,0.526,0.5,0.7,0.674,1.6,3.3,4.9,0.7,0.4,1.4,0.7,1.9,5.4,bambamo01
234,Pat Connaughton,SG,27,MIL,67,4,18.6,2,4.5,0.455,0.8,2.5,0.331,1.2,2,0.607,0.547,0.5,0.6,0.775,0.9,3.3,4.2,1.6,0.4,0.5,0.8,1,5.4,connapa01
235,Torrey Craig,SF,29,DEN,58,27,18.5,2.1,4.6,0.461,0.8,2.4,0.326,1.4,2.3,0.603,0.545,0.4,0.6,0.611,1.1,2.2,3.3,0.8,0.4,0.6,0.4,2.3,5.4,craigto01
236,Robin Lopez,C,31,MIL,66,5,14.5,2.2,4.5,0.492,0.5,1.6,0.333,1.7,2.9,0.577,0.55,0.4,0.8,0.528,0.8,1.6,2.4,0.7,0.2,0.7,1,1.5,5.4,lopezro01
237,Sterling Brown,SF,24,MIL,52,1,14.8,1.8,4.9,0.371,0.8,2.6,0.324,1,2.3,0.425,0.457,0.6,0.8,0.8,0.6,2.9,3.5,1,0.6,0.1,0.8,1,5.1,brownst02
238,Raul Neto,PG,27,PHI,54,3,12.4,1.9,4.1,0.455,0.6,1.6,0.386,1.2,2.5,0.5,0.532,0.7,0.9,0.83,0.2,0.9,1.1,1.8,0.4,0.1,0.9,0.9,5.1,netora01
239,Jerome Robinson,SG,22,TOT,63,6,15.5,1.8,4.9,0.371,0.8,2.4,0.32,1,2.5,0.42,0.45,0.6,0.9,0.702,0.2,1.8,2,1.4,0.4,0.3,0.8,1.8,5.1,robinje01
240,Isaac Bonga,SF,20,WAS,66,49,18.9,1.8,3.5,0.504,0.4,1.1,0.352,1.4,2.5,0.571,0.558,1,1.3,0.812,1.1,2.3,3.4,1.2,0.7,0.3,0.9,2.4,5,bongais01
241,Vince Carter,PF,43,ATL,60,0,14.6,1.8,5.1,0.352,1,3.4,0.302,0.8,1.7,0.451,0.452,0.4,0.5,0.793,0.3,1.8,2.1,0.8,0.4,0.4,0.6,1.5,5,cartevi01
242,Cody Martin,SF,24,CHO,48,3,18.8,1.9,4.3,0.43,0.4,1.6,0.234,1.5,2.7,0.546,0.473,0.9,1.4,0.646,0.8,2.5,3.3,2,0.8,0.2,0.9,1.6,5,martico01
243,Tony Bradley,C,22,UTA,58,3,11.4,2.2,3.3,0.667,0.1,0.1,1,2.1,3.2,0.661,0.675,0.5,0.8,0.652,1.9,2.7,4.6,0.4,0.2,0.6,0.5,2,4.9,bradlto01
244,Jevon Carter,PG,24,PHO,58,2,16.3,1.7,4.2,0.416,1.1,2.5,0.425,0.7,1.7,0.402,0.543,0.4,0.5,0.852,0.5,1.5,2,1.4,0.8,0.3,0.6,1.5,4.9,carteje01
245,Patrick Patterson,PF,30,LAC,59,18,13.2,1.6,3.9,0.408,1.1,2.9,0.39,0.5,1,0.459,0.552,0.6,0.7,0.814,0.6,2,2.6,0.7,0.1,0.1,0.4,0.9,4.9,pattepa01
246,Mario Hezonja,PF,24,POR,53,4,16.4,1.7,4.1,0.422,0.5,1.5,0.308,1.3,2.6,0.486,0.477,0.9,1.1,0.814,0.6,2.9,3.5,0.9,0.7,0.2,0.8,2,4.8,hezonma01
247,Thon Maker,C,22,DET,60,14,12.9,1.6,3.2,0.482,0.4,1.1,0.344,1.2,2.2,0.55,0.539,1.2,1.8,0.664,0.9,1.9,2.8,0.7,0.4,0.7,0.8,1.7,4.7,makerth01
248,Matisse Thybulle,SG,22,PHI,65,14,19.8,1.7,4.1,0.423,0.9,2.4,0.357,0.9,1.7,0.519,0.528,0.4,0.6,0.61,0.7,1,1.6,1.2,1.4,0.7,0.8,2.2,4.7,thybuma01
249,Ryan Arcidiacono,PG,25,CHI,58,4,16,1.6,3.8,0.409,0.9,2.4,0.391,0.6,1.4,0.439,0.532,0.5,0.7,0.711,0.3,1.6,1.9,1.7,0.5,0.1,0.6,1.7,4.5,arcidry01
250,Treveon Graham,SF,26,TOT,55,20,16.9,1.6,4.4,0.36,0.6,2.2,0.275,1,2.2,0.443,0.428,0.7,1,0.643,0.9,1.8,2.7,0.8,0.4,0.1,0.5,1.9,4.4,grahatr01
251,Bruno Fernando,C,21,ATL,56,13,12.7,1.8,3.6,0.518,0.1,0.7,0.135,1.8,2.9,0.605,0.53,0.5,0.9,0.569,1.2,2.3,3.5,0.9,0.3,0.3,0.8,1.9,4.3,fernabr01
252,Elie Okobo,PG,22,PHO,55,3,13.1,1.3,3.3,0.398,0.5,1.3,0.352,0.9,2,0.427,0.467,0.9,1.3,0.704,0.3,1.3,1.6,2.1,0.4,0.1,0.7,1,4,okoboel01
253,Terrance Ferguson,SF,21,OKC,56,38,22.4,1.4,3.9,0.355,0.9,3,0.292,0.5,0.9,0.558,0.466,0.3,0.4,0.75,0.4,0.9,1.3,0.9,0.5,0.3,0.6,2.8,3.9,fergute01
254,Anthony Tolliver,PF,34,TOT,55,13,15.9,1.2,3.3,0.357,0.9,2.6,0.338,0.3,0.7,0.432,0.492,0.4,0.5,0.724,0.6,2.2,2.8,0.8,0.3,0.2,0.6,1.3,3.6,tollian01
255,Semi Ojeleye,PF,25,BOS,69,6,14.7,1.2,2.8,0.408,0.7,1.8,0.378,0.5,1,0.464,0.531,0.4,0.5,0.875,0.4,1.7,2.1,0.5,0.3,0.1,0.3,1.2,3.4,ojelese01
256,Grant Williams,PF,21,BOS,69,5,15.1,1.3,3.1,0.412,0.3,1.4,0.25,0.9,1.7,0.548,0.469,0.6,0.8,0.722,0.9,1.7,2.6,1,0.4,0.5,0.7,2.4,3.4,willigr01
257,Rodney McGruder,SG,28,LAC,56,4,15.6,1.3,3.2,0.398,0.4,1.6,0.27,0.9,1.6,0.522,0.464,0.3,0.6,0.559,0.5,2.2,2.7,0.6,0.5,0.1,0.4,1.3,3.3,mcgruro01
258,Goga Bitadze,C,20,IND,54,2,8.7,1.3,2.8,0.467,0.1,0.8,0.19,1.1,2,0.574,0.493,0.4,0.6,0.727,0.5,1.5,2,0.4,0.2,0.7,0.5,1.2,3.2,bitadgo01
259,Matthew Dellavedova,PG,29,CLE,57,4,14.4,1.1,3.1,0.354,0.4,1.6,0.231,0.7,1.5,0.488,0.414,0.6,0.6,0.865,0.3,1,1.3,3.2,0.4,0,1,1.4,3.1,dellama01
